Time,M,N
11.92587812,0,8
17.65465106,3.48176147,764.5182385
23.59269844,2.14928859,765.8507114
35.12860699,10.73906764,757.2609324
35.05577579,15.04563474,752.9543653
46.53360376,25.71955379,742.2804462
46.57785563,32.38560585,735.6143941
23.60560524,0.204664884,767.7953351
